{
    "mean_score": 1.046285246173038,
    "std_score": 0.002570408640553753
}