{
    "mean_score": 1.0453501679491437,
    "std_score": 0.0026314379199661835
}