{
    "n_estimators": 10000,
    "objective": "regression",
    "metric": "rmse",
    "device": "gpu",
    "verbose": -1,
    "max_bin": 255,
    "learning_rate": 0.00541054326574012,
    "max_depth": 14,
    "num_leaves": 181,
    "min_child_samples": 14,
    "min_child_weight": 0.1795016955095161,
    "feature_fraction": 0.66509582903994,
    "bagging_fraction": 0.9237450162563361,
    "bagging_freq": 4,
    "lambda_l1": 0.058184425474809336,
    "lambda_l2": 1.2000387041285878,
    "n_iterators": 1493
}