{
    "mean_score": 1.0457967176780745,
    "std_score": 0.002672366094592809
}