{
    "mean_score": 1.0345395085645754,
    "std_score": 0.000691235209998911
}