{
    "mean_score": 1.044701445536582,
    "std_score": 0.002670488472481344
}