{
    "n_estimators": 2936,
    "objective": "reg:squarederror",
    "tree_method": "gpu_hist",
    "verbosity": 0,
    "enable_categorical": true,
    "learning_rate": 0.0015809559369696921,
    "max_depth": 8,
    "min_child_weight": 0.0010519063716596696,
    "subsample": 0.9259500688120887,
    "colsample_bytree": 0.5156374474989557,
    "gamma": 4.750602896904545,
    "lambda": 7.589009467266231,
    "alpha": 3.6958778093250424
}