{
    "mean_score": 1.0453138932055628,
    "std_score": 0.002718382834894669
}